<appaction uniquename="dio__Testandocriaodebo!f109f79d68aa463fac4a9989a7036981!dio_Treinamento!dio_curso!0">
  <appmoduleid>
    <uniquename>dio_Treinamento</uniquename>
  </appmoduleid>
  <buttonlabeltext default="Testando criação de botão">
    <label description="Testando criação de botão" languagecode="1046" />
  </buttonlabeltext>
  <context>1</context>
  <contextentity>
    <logicalname>dio_curso</logicalname>
  </contextentity>
  <contextvalue>dio_curso</contextvalue>
  <fonticon>Case</fonticon>
  <hidden>0</hidden>
  <iscustomizable>1</iscustomizable>
  <isdisabled>0</isdisabled>
  <isgrouptitlehidden>0</isgrouptitlehidden>
  <location>0</location>
  <name>Testandocriaodebo!f109f79d68aa463fac4a9989a7036981</name>
  <onclickeventformulacomponentlibraryid>
    <name>dio_treinamentodefaultcommandlibrary_4cccb</name>
  </onclickeventformulacomponentlibraryid>
  <onclickeventformulacomponentname>ef9998886e014a98ba6933ac4be3af50</onclickeventformulacomponentname>
  <onclickeventformulafunctionname>OnSelect</onclickeventformulafunctionname>
  <onclickeventtype>1</onclickeventtype>
  <origin>0</origin>
  <sequence>100100037.5000000000</sequence>
  <statecode>0</statecode>
  <statuscode>1</statuscode>
  <type>0</type>
  <visibilitytype>0</visibilitytype>
</appaction>