<ImportExportXml version="9.2.24012.190" SolutionPackageVersion="9.2" languagecode="1046" generatedBy="CrmLive" xmlns:xsi="http://www.w3.org/2001/XMLSchema-instance">
  <SolutionManifest>
    <UniqueName>Testandoauladesolucoes</UniqueName>
    <LocalizedNames>
      <LocalizedName description="Testando aula de solucoes" languagecode="1046" />
    </LocalizedNames>
    <Descriptions>
      <Description description="Solução para o Curso da DIO Dynamics 365" languagecode="1046" />
    </Descriptions>
    <Version>1.0.0.0</Version>
    <Managed>0</Managed>
    <Publisher>
      <UniqueName>cursodio</UniqueName>
      <LocalizedNames>
        <LocalizedName description="Curso DIO" languagecode="1046" />
      </LocalizedNames>
      <Descriptions />
      <EMailAddress xsi:nil="true"></EMailAddress>
      <SupportingWebsiteUrl xsi:nil="true"></SupportingWebsiteUrl>
      <CustomizationPrefix>dio</CustomizationPrefix>
      <CustomizationOptionValuePrefix>91430</CustomizationOptionValuePrefix>
      <Addresses>
        <Address>
          <AddressNumber>1</AddressNumber>
          <AddressTypeCode>1</AddressTypeCode>
          <City xsi:nil="true"></City>
          <County xsi:nil="true"></County>
          <Country xsi:nil="true"></Country>
          <Fax xsi:nil="true"></Fax>
          <FreightTermsCode xsi:nil="true"></FreightTermsCode>
          <ImportSequenceNumber xsi:nil="true"></ImportSequenceNumber>
          <Latitude xsi:nil="true"></Latitude>
          <Line1 xsi:nil="true"></Line1>
          <Line2 xsi:nil="true"></Line2>
          <Line3 xsi:nil="true"></Line3>
          <Longitude xsi:nil="true"></Longitude>
          <Name xsi:nil="true"></Name>
          <PostalCode xsi:nil="true"></PostalCode>
          <PostOfficeBox xsi:nil="true"></PostOfficeBox>
          <PrimaryContactName xsi:nil="true"></PrimaryContactName>
          <ShippingMethodCode>1</ShippingMethodCode>
          <StateOrProvince xsi:nil="true"></StateOrProvince>
          <Telephone1 xsi:nil="true"></Telephone1>
          <Telephone2 xsi:nil="true"></Telephone2>
          <Telephone3 xsi:nil="true"></Telephone3>
          <TimeZoneRuleVersionNumber xsi:nil="true"></TimeZoneRuleVersionNumber>
          <UPSZone xsi:nil="true"></UPSZone>
          <UTCOffset xsi:nil="true"></UTCOffset>
          <UTCConversionTimeZoneCode xsi:nil="true"></UTCConversionTimeZoneCode>
        </Address>
        <Address>
          <AddressNumber>2</AddressNumber>
          <AddressTypeCode>1</AddressTypeCode>
          <City xsi:nil="true"></City>
          <County xsi:nil="true"></County>
          <Country xsi:nil="true"></Country>
          <Fax xsi:nil="true"></Fax>
          <FreightTermsCode xsi:nil="true"></FreightTermsCode>
          <ImportSequenceNumber xsi:nil="true"></ImportSequenceNumber>
          <Latitude xsi:nil="true"></Latitude>
          <Line1 xsi:nil="true"></Line1>
          <Line2 xsi:nil="true"></Line2>
          <Line3 xsi:nil="true"></Line3>
          <Longitude xsi:nil="true"></Longitude>
          <Name xsi:nil="true"></Name>
          <PostalCode xsi:nil="true"></PostalCode>
          <PostOfficeBox xsi:nil="true"></PostOfficeBox>
          <PrimaryContactName xsi:nil="true"></PrimaryContactName>
          <ShippingMethodCode>1</ShippingMethodCode>
          <StateOrProvince xsi:nil="true"></StateOrProvince>
          <Telephone1 xsi:nil="true"></Telephone1>
          <Telephone2 xsi:nil="true"></Telephone2>
          <Telephone3 xsi:nil="true"></Telephone3>
          <TimeZoneRuleVersionNumber xsi:nil="true"></TimeZoneRuleVersionNumber>
          <UPSZone xsi:nil="true"></UPSZone>
          <UTCOffset xsi:nil="true"></UTCOffset>
          <UTCConversionTimeZoneCode xsi:nil="true"></UTCConversionTimeZoneCode>
        </Address>
      </Addresses>
    </Publisher>
    <RootComponents>
      <RootComponent type="1" schemaName="crdde_aluno" behavior="0" />
      <RootComponent type="1" schemaName="crdde_cursoxinstrutores" behavior="0" />
      <RootComponent type="1" schemaName="dio_calendariodoinstrutor" behavior="0" />
      <RootComponent type="1" schemaName="dio_curso" behavior="0" />
      <RootComponent type="1" schemaName="dio_instrutores" behavior="0" />
      <RootComponent type="29" id="{70cb53c9-a151-4000-8460-fafd4dcf8f2b}" behavior="0" />
      <RootComponent type="29" id="{71aeb21c-619c-ee11-a569-6045bd3b215f}" behavior="0" />
      <RootComponent type="29" id="{8c71ef16-a1e0-45fb-bc1e-7c77a2beaff4}" behavior="0" />
      <RootComponent type="29" id="{feb0492f-dde3-452b-9ecc-15795d7c4a45}" behavior="0" />
      <RootComponent type="61" schemaName="dio_BibliotecaJS" behavior="0" />
      <RootComponent type="61" schemaName="dio_ImagemTeste" behavior="0" />
      <RootComponent type="61" schemaName="dio_ribbon" behavior="0" />
      <RootComponent type="61" schemaName="dio_TestandoTemas.xml" behavior="0" />
      <RootComponent type="61" schemaName="dio_TesteAction" behavior="0" />
      <RootComponent type="61" schemaName="dio_WebPageTreinamento" behavior="0" />
      <RootComponent type="62" schemaName="dio_AplicativoTeste" behavior="0" />
      <RootComponent type="62" schemaName="dio_Treinamento" behavior="0" />
      <RootComponent type="80" schemaName="dio_AplicativoTeste" behavior="0" />
      <RootComponent type="80" schemaName="dio_Treinamento" behavior="0" />
      <RootComponent type="80" schemaName="msdynce_saleshub" behavior="0" />
      <RootComponent type="80" schemaName="new_BOOTCAMPDIO" behavior="0" />
      <RootComponent type="91" id="{9dc3ce61-e338-4788-a53e-8f8df5d1d689}" schemaName="AulaWorkflow, Version=1.0.0.0, Culture=neutral, PublicKeyToken=efc33eb5c2334b93" behavior="0" />
      <RootComponent type="91" id="{361f2c9f-668b-4d21-8724-a112108a2a38}" schemaName="PluginAlunos, Version=1.0.0.0, Culture=neutral, PublicKeyToken=db6c44c0d9f6dd5c" behavior="0" />
      <RootComponent type="92" id="{41999256-dfb2-ee11-a569-6045bd3b215f}" behavior="0" />
      <RootComponent type="300" schemaName="dio_appinstrutores_faddf" behavior="0" />
      <RootComponent type="300" schemaName="dio_treinamentodefaultcommandlibrary_4cccb" behavior="0" />
    </RootComponents>
    <MissingDependencies>
      <MissingDependency>
        <Required type="61" schemaName="msdyn_/Images/AppModule_Default_Icon.png" displayName="msdyn_/Images/AppModule_Default_Icon.png" solution="AppModuleWebResources (2.5)" />
        <Dependent type="80" schemaName="dio_AplicativoTeste" displayName="Aplicativo  Teste" />
      </MissingDependency>
      <MissingDependency>
        <Required type="61" schemaName="msdyn_/Images/AppModule_Default_Icon.png" displayName="msdyn_/Images/AppModule_Default_Icon.png" solution="AppModuleWebResources (2.5)" />
        <Dependent type="80" schemaName="new_BOOTCAMPDIO" displayName="BOOTCAMP DIO" />
      </MissingDependency>
      <MissingDependency>
        <Required type="62" schemaName="new_BOOTCAMPDIO" solution="Active" />
        <Dependent type="80" schemaName="new_BOOTCAMPDIO" displayName="BOOTCAMP DIO" />
      </MissingDependency>
      <MissingDependency>
        <Required type="66" schemaName="MscrmControls.Canvas.CanvasControl" displayName="MscrmControls.Canvas.CanvasControl" solution="BaseCustomControlsCore (9.0.2401.2002)" />
        <Dependent type="60" displayName="Curso DIO" parentDisplayName="Cursos" id="{04370b1e-0b9f-4051-b6c5-dccf8d282bba}" />
      </MissingDependency>
      <MissingDependency>
        <Required type="66" schemaName="MscrmControls.Canvas.CanvasControl" displayName="MscrmControls.Canvas.CanvasControl" solution="BaseCustomControlsCore (9.0.2401.2002)" />
        <Dependent type="60" displayName="Informações" parentDisplayName="Cursos" id="{ba165990-150f-4a40-8b6f-7312afdfa0e1}" />
      </MissingDependency>
      <MissingDependency>
        <Required type="70" displayName="Treinamento" solution="Active" id="{cc9ecf3a-61a9-ee11-a569-6045bd3b215f}" />
        <Dependent type="70" displayName="Treinamento" id="{cc9ecf3a-61a9-ee11-a569-6045bd3b215f}" />
      </MissingDependency>
      <MissingDependency>
        <Required type="80" schemaName="msdynce_saleshub" displayName="Hub de Vendas" solution="msdyn_SalesApp (9.0.24012.10001)">
          <package>msdynce_SalesInsightsAnchor (9.0.24012.10001)</package>
        </Required>
        <Dependent type="80" schemaName="msdynce_saleshub" displayName="Hub de Vendas" />
      </MissingDependency>
      <MissingDependency>
        <Required type="80" schemaName="msdynce_saleshub" displayName="Hub de Vendas" solution="msdyn_SalesApp (9.0.24012.10001)">
          <package>msdynce_SalesInsightsAnchor (9.0.24012.10001)</package>
        </Required>
        <Dependent type="AppSetting" displayName="parentappmoduleid.uniquename=msdynce_saleshub,settingdefinitionid.uniquename=appcopilotenabled" id.parentappmoduleid.uniquename="msdynce_saleshub" id.settingdefinitionid.uniquename="appcopilotenabled" />
      </MissingDependency>
      <MissingDependency>
        <Required type="SettingDefinition" displayName="appcopilotenabled" solution="msdyn_AppCopilotAppInfraSettings (1.0.0.7)" id.uniquename="appcopilotenabled" />
        <Dependent type="AppSetting" displayName="parentappmoduleid.uniquename=dio_Treinamento,settingdefinitionid.uniquename=appcopilotenabled" id.parentappmoduleid.uniquename="dio_Treinamento" id.settingdefinitionid.uniquename="appcopilotenabled" />
      </MissingDependency>
      <MissingDependency>
        <Required type="SettingDefinition" displayName="appcopilotenabled" solution="msdyn_AppCopilotAppInfraSettings (1.0.0.7)" id.uniquename="appcopilotenabled" />
        <Dependent type="AppSetting" displayName="parentappmoduleid.uniquename=msdynce_saleshub,settingdefinitionid.uniquename=appcopilotenabled" id.parentappmoduleid.uniquename="msdynce_saleshub" id.settingdefinitionid.uniquename="appcopilotenabled" />
      </MissingDependency>
      <MissingDependency>
        <Required type="SettingDefinition" displayName="OverrideAppHeaderColor" solution="msdyn_PowerAppsThemingSettings (1.0.0.11)" id.uniquename="OverrideAppHeaderColor" />
        <Dependent type="OrganizationSetting" displayName="OverrideAppHeaderColor" id.settingdefinitionid.uniquename="OverrideAppHeaderColor" />
      </MissingDependency>
    </MissingDependencies>
  </SolutionManifest>
</ImportExportXml>